Clone0.java,clone
Clone12.java,clone
Clone13.java,clone
Clone16.java,clone
Clone46.java,clone
Clone125.java,clone
Clone18.java,notclone
Clone19.java,clone-ext
Clone39.java,clone-ext
Clone30.java,clone-ext
Clone20.java,notclone
Clone21.java,clone-ext
Clone23.java,clone
Clone29.java,clone
Clone51.java,clone
Clone54.java,clone
Clone52.java,clone-ext
Clone64.java,clone-ext
Clone68.java,notclone
Clone75.java,notclone
Clone77.java,notclone
Clone80.java,clone
Clone82.java,notclone
Clone83.java,notclone
Clone84.java,clone-ext
Clone85.java,clone-ext
Clone86.java,notclone
Clone87.java,notclone
Clone89.java,clone-ext
Clone91.java,clone-ext
Clone98.java,clone-ext
Clone105.java,notclone
Clone107.java,notclone
Clone109.java,clone
Clone127.java,clone
Clone131.java,notclone
Clone132.java,notclone
Clone134.java,notclone
Clone136.java,notclone
Clone138.java,notclone
Clone159.java,clone
Clone162.java,notclone
Clone165.java,clone
Clone168.java,notclone
Clone172.java,notclone
Clone174.java,notclone
Clone178.java,notclone
Clone179.java,notclone
Clone182.java,clone
Clone192.java,notclone
Clone194.java,clone
Clone196.java,clone
Clone198.java,notclone
Clone204.java,clone
Clone205.java,clone
Clone207.java,clone
Clone208.java,clone
Clone212.java,clone-ext
Clone219.java,clone
Clone223.java,clone
Clone231.java,clone
Clone240.java,clone
Clone241.java,clone
Clone248.java,clone
Clone263.java,clone
Clone264.java,clone
Clone265.java,clone
Clone271.java,clone
Clone279.java,notclone
Clone283.java,notclone
Clone284.java,notclone
Clone286.java,notclone
Clone291.java,notclone
Clone292.java,notclone
Clone304.java,notclone
Clone307.java,clone
Clone310.java,clone
Clone322.java,clone
Clone337.java,notclone
Clone343.java,notclone
Clone344.java,clone
Clone345.java,notclone
Clone349.java,notclone
Clone351.java,notclone
Clone355.java,clone
Clone363.java,clone
Clone364.java,notclone
Clone365.java,clone
Clone368.java,notclone
Clone370.java,clone
Clone372.java,notclone
Clone375.java,notclone
Clone376.java,clone
Clone379.java,notclone
Clone380.java,notclone
Clone384.java,clone
Clone397.java,clone
Clone399.java,clone
Clone400.java,clone
Clone404.java,notclone
Clone406.java,clone
Clone410.java,notclone
Clone413.java,notclone
Clone418.java,notclone
Clone424.java,notclone
Clone434.java,notclone
Clone436.java,notclone
Clone441.java,notclone
Clone447.java,notclone
Clone452.java,notclone
Clone455.java,notclone
Clone457.java,clone-ext
Clone459.java,clone
Clone463.java,clone
Clone464.java,clone
Clone467.java,clone-ext
Clone468.java,clone-ext
Clone469.java,clone
Clone479.java,notclone
Clone481.java,notclone
Clone482.java,notclone
Clone485.java,notclone
Clone487.java,notclone
Clone497.java,clone
Clone495.java,clone-ext
Clone500.java,clone
Clone501.java,notclone
Clone506.java,clone
Clone517.java,notclone
Clone524.java,clone
Clone528.java,notclone
Clone529.java,notclone
Clone530.java,notclone
Clone531.java,notclone
Clone532.java,notclone
Clone534.java,notclone
Clone537.java,clone
Clone543.java,clone
Clone547.java,clone
Clone550.java,clone
Clone553.java,clone
Clone554.java,clone-ext
Clone555.java,notclone
Clone556.java,notclone
Clone557.java,notclone
Clone558.java,notclone
Clone561.java,notclone
Clone564.java,notclone
Clone570.java,clone
Clone573.java,clone
Clone582.java,clone-ext
Clone589.java,notclone
Clone592.java,notclone
Clone593.java,notclone
Clone596.java,clone-ext
Clone608.java,clone
Clone610.java,clone
Clone614.java,notclone
Clone618.java,clone-ext
Clone627.java,clone
Clone632.java,notclone
Clone633.java,notclone
Clone645.java,clone
Clone646.java,clone-ext
Clone647.java,notclone
Clone660.java,clone-ext
Clone668.java,notclone
Clone671.java,notclone
Clone684.java,clone
Clone687.java,clone
Clone689.java,clone-ext
Clone691.java,clone
Clone692.java,clone
Clone699.java,clone
Clone701.java,clone
Clone707.java,clone
Clone712.java,clone
Clone715.java,clone-ext
Clone720.java,notclone
Clone732.java,notclone
Clone738.java,notclone
Clone739.java,notclone
Clone744.java,notclone
Clone746.java,notclone
Clone747.java,clone
Clone748.java,notclone
Clone752.java,clone
Clone753.java,clone
Clone758.java,notclone
Clone759.java,notclone
Clone760.java,clone-ext
Clone770.java,clone
Clone776.java,clone
Clone777.java,notclone
Clone779.java,clone
Clone780.java,clone
Clone786.java,clone
Clone789.java,clone-ext
Clone790.java,clone
Clone793.java,clone-ext
Clone803.java,clone
Clone806.java,notclone
Clone807.java,clone
Clone810.java,notclone
Clone815.java,clone
Clone819.java,clone
Clone820.java,clone
Clone825.java,clone-ext
Clone831.java,clone-ext
Clone835.java,clone-ext
Clone836.java,clone-ext
Clone840.java,clone
Clone843.java,clone-ext
Clone844.java,clone-ext
Clone845.java,clone
Clone847.java,notclone
Clone848.java,clone
Clone854.java,notclone
Clone861.java,clone
Clone864.java,notclone
Clone867.java,notclone
Clone868.java,notclone
Clone869.java,notclone
Clone873.java,clone
Clone875.java,clone
Clone877.java,notclone
Clone880.java,notclone
Clone882.java,notclone
Clone887.java,clone
Clone888.java,notclone
Clone892.java,notclone
Clone895.java,clone
Clone911.java,notclone
Clone913.java,clone
Clone915.java,clone
Clone917.java,clone
Clone922.java,clone
Clone924.java,notclone
Clone925.java,clone-ext
Clone926.java,clone
Clone938.java,clone
Clone939.java,clone
Clone940.java,clone
Clone941.java,clone
Clone944.java,notclone
Clone948.java,notclone
Clone949.java,notclone
Clone951.java,notclone
Clone960.java,clone
Clone963.java,clone-ext
Clone964.java,notclone
Clone612.java,clone
Clone966.java,notclone
Clone973.java,notclone
Clone974.java,notclone
Clone975.java,notclone
Clone976.java,notclone
Clone977.java,notclone
Clone978.java,notclone
Clone983.java,clone
Clone987.java,notclone
Clone988.java,notclone
Clone992.java,notclone
Clone995.java,notclone
Clone996.java,notclone
Clone997.java,notclone
Clone607.java,clone
Clone58.java,clone
Clone142.java,clone
Clone154.java,notclone
Clone401.java,notclone
Clone545.java,clone
Clone574.java,notclone
Clone664.java,notclone
Clone700.java,notclone
Clone729.java,clone
Clone796.java,clone
Clone858.java,clone
Clone898.java,clone
Clone937.java,clone
